Workbook

Sheet README
A1: DMAF Application Inventory Workbook
A3: Asset ID | B3: DMAF-ASSET-WBK-001
A4: Title | B4: DMAF Application Inventory Workbook
A5: Status | B5: Draft
A6: Version | B6: 0.1.0
A7: Release | B7: Release-2.0
A8: Asset Type | B8: Workbook
A9: Practice Domain | B9: Discovery & Assessment
A10: Capability | B10: DMAF-CAP-DAS-002 — Application & Workflow Inventory Analysis
A11: Lifecycle Stages | B11: Discovery & Assessment; Migration Factory Planning
A12: Last Updated | B12: 2026-06-28
A13: Owner | B13: DMAF Practice Lead
A15: Purpose
A16: This workbook captures the initial application, workflow, and dependency inventory required to support DMAF discovery, assessment, modernization architecture, migration factory planning, and future Workbench automation. It is intended to create a consistent evidence base before complexity scoring, architecture design, wave planning, or estimation.
A20: Workbook Sheets
A21: Sheet | B21: Purpose | C21: Owner
A22: Application Inventory | B22: Capture application-level modernization scope and context. | C22: Business Analyst / Solution Architect
A23: Workflow Inventory | B23: Capture workflows, jobs, pipelines, schedules, and transformation characteristics. | C23: Business Analyst / Data Engineer
A24: Dependencies | B24: Capture upstream, downstream, integration, and consumer dependencies. | C24: Solution Architect / Data Architect
A25: Dashboard | B25: Summarize inventory completeness and modernization scope indicators. | C25: Engagement Lead
A26: Reference Lists | B26: Manage dropdown values and category standards. | C26: DMAF Practice Lead
A28: Usage Guidance
A29: 1 | B29: Start by capturing all known applications in Application Inventory.
A30: 2 | B30: Add workflow/job/pipeline details in Workflow Inventory and link each workflow to an App ID.
A31: 3 | B31: Capture known upstream and downstream dependencies in Dependencies.
A32: 4 | B32: Use Inventory Status and Discovery Confidence to distinguish facts from gaps and assumptions.
A33: 5 | B33: Review the Dashboard to identify missing owners, unknown criticality, incomplete statuses, and scope signals.
A34: 6 | B34: Use this workbook as input to complexity scoring, architecture assessment, migration wave planning, and validation planning.
A35: 7 | B35: Do not treat this inventory as complete until owners, dependencies, criticality, and confidence levels have been reviewed.

Sheet Application Inventory
A1: App ID | B1: Application Name | C1: Business Domain | D1: Business Owner | E1: Technical Owner | F1: Executive Sponsor | G1: Criticality | H1: Current Platform | I1: Source Platform Type | J1: Primary Workload Type | K1: Description | L1: Data Sensitivity | M1: Regulatory Impact | N1: Business SLA | O1: Operational Status | P1: Inventory Status | Q1: Discovery Confidence | R1: Known Workflow Count | S1: Known Dependency Count | T1: Modernization Notes
A2: APP-001 | B2: Customer Ledger Reporting | C2: Finance | D2: TBD | E2: TBD | F2: TBD | G2: High | H2: Oracle + Informatica | I2: Informatica | J2: Batch ETL | K2: Example: nightly reporting pipeline feeding downstream finance reports. | L2: Confidential | M2: Yes | N2: Daily close | O2: Active | P2: Drafted | Q2: Medium | R2: 3 | S2: 4 | T2: Replace sample row with real client data.
A3: APP-002 | B3: Branch Transaction Extracts | C3: Operations | D3: TBD | E3: TBD | F3: TBD | G3: Critical | H3: Mainframe | I3: Mainframe | J3: Mainframe Batch | K3: Example: mainframe batch extracts with downstream consumers. | L3: Restricted | M3: Yes | N3: Daily | O3: Active | P3: Drafted | Q3: Low | R3: 5 | S3: 8 | T3: Confirm upstream and downstream dependencies.
A4: APP-003 | B4: Marketing Data Mart | C4: Marketing | D4: TBD | E4: TBD | F4: TBD | G4: Medium | H4: SQL Server | I4: SQL Scripts | J4: Data Mart | K4: Example: SQL-based data mart with scheduled refresh. | L4: Internal | M4: No | N4: Weekly | O4: Active | P4: In Progress | Q4: Medium | R4: 2 | S4: 3 | T4: Validate target-state fit.

Sheet Workflow Inventory
A1: Workflow ID | B1: App ID | C1: Workflow / Job Name | D1: Workflow Type | E1: Source System | F1: Target System | G1: Orchestrator | H1: Frequency | I1: Runtime Window | J1: Average Duration | K1: SLA | L1: Criticality | M1: Transformation Complexity | N1: Data Volume GB | O1: Dependency Count | P1: Business Owner | Q1: Technical Owner | R1: Inventory Status | S1: Discovery Confidence | T1: Notes
A2: WF-001 | B2: APP-001 | C2: Load Customer Ledger | D2: Batch ETL | E2: CRM | F2: Oracle | G2: Informatica | H2: Daily | I2: 01:00-02:00 | J2: 45 min | K2: Before 6 AM | L2: High | M2: High | N2: 250 | O2: 3 | P2: TBD | Q2: TBD | R2: Drafted | S2: Medium | T2: Sample row.
A3: WF-002 | B3: APP-002 | C3: Branch Extract Generation | D3: Mainframe Batch | E3: Core Banking | F3: Flat File | G3: JCL | H3: Daily | I3: 02:00-04:00 | J3: 90 min | K3: Before branch open | L3: Critical | M3: Very High | N3: 500 | O3: 6 | P3: TBD | Q3: TBD | R3: Drafted | S3: Low | T3: Sample row.
A4: WF-003 | B4: APP-003 | C4: Refresh Marketing Mart | D4: Data Mart | E4: SQL Server | F4: SQL Server | G4: SQL Agent | H4: Weekly | I4: Sunday | J4: 30 min | K4: Monday AM | L4: Medium | M4: Medium | N4: 50 | O4: 2 | P4: TBD | Q4: TBD | R4: In Progress | S4: Medium | T4: Sample row.

Sheet Dependencies
A1: Dependency ID | B1: Related App ID | C1: Related Workflow ID | D1: Dependency Name | E1: Dependency Type | F1: Direction | G1: Source / Provider | H1: Target / Consumer | I1: Interface Type | J1: Frequency | K1: Criticality | L1: Known / Unknown | M1: Owner | N1: Validation Required | O1: Risk Notes | P1: Inventory Status | Q1: Discovery Confidence | R1: Notes
A2: DEP-001 | B2: APP-001 | C2: WF-001 | D2: CRM Customer Feed | E2: Source | F2: Upstream | G2: CRM | H2: Oracle | I2: Table | J2: Daily | K2: High | L2: Known | M2: TBD | N2: Yes | O2: Confirm schema and refresh timing. | P2: Drafted | Q2: Medium | R2: Sample row.
A3: DEP-002 | B3: APP-002 | C3: WF-002 | D3: Branch GL Flat File | E3: Downstream Consumer | F3: Downstream | G3: Mainframe | H3: Finance Reporting | I3: Flat File | J3: Daily | K3: Critical | L3: Known | M3: TBD | N3: Yes | O3: Cutover and reconciliation critical. | P3: Drafted | Q3: Low | R3: Sample row.
A4: DEP-003 | B4: APP-003 | C4: WF-003 | D4: Campaign Segments | E4: Shared Table | F4: Internal | G4: SQL Server | H4: Marketing BI | I4: Table | J4: Weekly | K4: Medium | L4: Unknown | M4: TBD | N4: No | O4: Confirm usage and consumers. | P4: In Progress | Q4: Medium | R4: Sample row.

Sheet Dashboard
A1: Application Inventory Dashboard
A3: KPI | B3: Value | D3: Application Criticality | E3: Count | G3: Source Platform Type | H3: Application Count
A4: Total Applications | B4: =COUNTA('Application Inventory'!B2:B101) -> 3 | D4: Critical | E4: =COUNTIF('Application Inventory'!G2:G101,D4) -> 1 | G4: Informatica | H4: =COUNTIF('Application Inventory'!I2:I101,G4) -> 1
A5: Total Workflows | B5: =COUNTA('Workflow Inventory'!C2:C101) -> 3 | D5: High | E5: =COUNTIF('Application Inventory'!G2:G101,D5) -> 1 | G5: Mainframe | H5: =COUNTIF('Application Inventory'!I2:I101,G5) -> 1
A6: Total Dependencies | B6: =COUNTA(Dependencies!D2:D101) -> 3 | D6: Medium | E6: =COUNTIF('Application Inventory'!G2:G101,D6) -> 1 | G6: SSIS | H6: =COUNTIF('Application Inventory'!I2:I101,G6) -> 0
A7: Applications Missing Owner | B7: =B4-COUNTA('Application Inventory'!D2:D101) -> 0 | D7: Low | E7: =COUNTIF('Application Inventory'!G2:G101,D7) -> 0 | G7: DataStage | H7: =COUNTIF('Application Inventory'!I2:I101,G7) -> 0
A8: Critical / High Applications | B8: =COUNTIF('Application Inventory'!G2:G101,"Critical")+COUNTIF('Application Inventory'!G2:G101,"High") -> 2 | D8: Unknown | E8: =COUNTIF('Application Inventory'!G2:G101,D8) -> 0 | G8: Hadoop | H8: =COUNTIF('Application Inventory'!I2:I101,G8) -> 0
A9: Low / Unknown Discovery Confidence | B9: =COUNTIF('Application Inventory'!Q2:Q101,"Low")+COUNTIF('Application Inventory'!Q2:Q101,"Unknown") -> 1 | D9: Blank | E9: =COUNTBLANK('Application Inventory'!G2:G101)-(100-B4) -> 0 | G9: Teradata | H9: =COUNTIF('Application Inventory'!I2:I101,G9) -> 0
A10: Blocked / Unknown Inventory Items | B10: =COUNTIF('Application Inventory'!P2:P101,"Blocked")+COUNTIF('Application Inventory'!P2:P101,"Unknown")+COUNTIF('Workflow Inventory'!R2:R101,"Blocked")+COUNTIF('Workflow Inventory'!R2:R101,"Unknown")+COUNTIF(Dependencies!P2:P101,"Blocked")+COUNTIF(Dependencies!P2:P101,"Unknown") -> 0 | G10: Oracle ETL | H10: =COUNTIF('Application Inventory'!I2:I101,G10) -> 0
G11: SQL Scripts | H11: =COUNTIF('Application Inventory'!I2:I101,G11) -> 1
G12: Custom Pipelines | H12: =COUNTIF('Application Inventory'!I2:I101,G12) -> 0
A13: Inventory Status | B13: Applications | C13: Workflows | G13: Other | H13: =COUNTIF('Application Inventory'!I2:I101,G13) -> 0
A14: Not Started | B14: =COUNTIF('Application Inventory'!P2:P101,A14) -> 0 | C14: =COUNTIF('Workflow Inventory'!R2:R101,A14) -> 0 | G14: Unknown | H14: =COUNTIF('Application Inventory'!I2:I101,G14) -> 0
A15: In Progress | B15: =COUNTIF('Application Inventory'!P2:P101,A15) -> 1 | C15: =COUNTIF('Workflow Inventory'!R2:R101,A15) -> 1
A16: Drafted | B16: =COUNTIF('Application Inventory'!P2:P101,A16) -> 2 | C16: =COUNTIF('Workflow Inventory'!R2:R101,A16) -> 2
A17: Reviewed | B17: =COUNTIF('Application Inventory'!P2:P101,A17) -> 0 | C17: =COUNTIF('Workflow Inventory'!R2:R101,A17) -> 0
A18: Confirmed | B18: =COUNTIF('Application Inventory'!P2:P101,A18) -> 0 | C18: =COUNTIF('Workflow Inventory'!R2:R101,A18) -> 0
A19: Blocked | B19: =COUNTIF('Application Inventory'!P2:P101,A19) -> 0 | C19: =COUNTIF('Workflow Inventory'!R2:R101,A19) -> 0
A20: Unknown | B20: =COUNTIF('Application Inventory'!P2:P101,A20) -> 0 | C20: =COUNTIF('Workflow Inventory'!R2:R101,A20) -> 0
A21: Blank | B21: =COUNTBLANK('Application Inventory'!P2:P101)-(100-B4) -> 0 | C21: =COUNTBLANK('Workflow Inventory'!R2:R101)-(100-B5) -> 0
A24: Review Prompts
A25: 1 | B25: Which applications have unknown or low discovery confidence?
A26: 2 | B26: Which critical/high applications are missing owners or sponsors?
A27: 3 | B27: Which source platforms dominate the modernization scope?
A28: 4 | B28: Which workflows have high transformation complexity or unknown dependency counts?
A29: 5 | B29: Which dependencies are unknown or not validated?
A30: 6 | B30: What information must be confirmed before complexity scoring and wave planning?

Sheet Reference Lists
A1: Criticality | B1: Inventory Status | C1: Discovery Confidence | D1: Source Platform Type | E1: Workload Type | F1: Data Sensitivity | G1: Operational Status | H1: Frequency | I1: Complexity | J1: Dependency Type | K1: Direction
A2: Critical | B2: Not Started | C2: High | D2: Informatica | E2: Batch ETL | F2: Public | G2: Active | H2: Real-time | I2: Very High | J2: Source | K2: Upstream
A3: High | B3: In Progress | C3: Medium | D3: Mainframe | E3: Streaming | F3: Internal | G3: Inactive | H3: Hourly | I3: High | J3: Target | K3: Downstream
A4: Medium | B4: Drafted | C4: Low | D4: SSIS | E4: Reporting | F4: Confidential | G4: Retiring | H4: Daily | I4: Medium | J4: Downstream Consumer | K4: Bidirectional
A5: Low | B5: Reviewed | C5: Unknown | D5: DataStage | E5: Data Warehouse | F5: Restricted | G5: Planned | H5: Weekly | I5: Low | J5: Upstream Provider | K5: Internal
A6: Unknown | B6: Confirmed | D6: Hadoop | E6: Data Mart | F6: Regulated | G6: Unknown | H6: Monthly | I6: Unknown | J6: Shared Table | K6: Unknown
B7: Blocked | D7: Teradata | E7: File Processing | F7: Unknown | H7: Quarterly | J7: File Interface
B8: Unknown | D8: Oracle ETL | E8: API Integration | H8: Ad hoc | J8: API
D9: SQL Scripts | E9: Mainframe Batch | H9: Unknown | J9: Schedule
D10: Custom Pipelines | E10: Analytics | J10: Business Process
D11: Other | E11: Other | J11: Other
D12: Unknown | E12: Unknown | J12: Unknown
